Album,Artist,Genre,Filename,,,,Length,,,
Professional Rapper,Lil Dicky,Rap,$ave Dat Money,,,,298,,,
4 Walls,f(x),Kpop,4 Walls,,,,214,,,
10/10,P Money,Rap,10 10,,,,290,,,
130 Mood: TRBL,DEAN,Kpop,21,,,,211,,,
Wings,BTS,Kpop,21st Century Girls,,,,196,,,
Record,Die Fantastischen Vier,Pop,25,,,,190,,,
2015 Mid-Season Invitational,Riot Games,Film,2015 Mid-Season Invitational Full Theme,,,,142,,,
Wonder Woman Soundtrack,Rupert Gregson-Williams,Film,Action Reaction - Wonder Woman Soundtrack -,,,,186,,,
Reloaded,Luhan,Pop,Adventure Time,,,,220,,,
WORLDWIDE,Jay Park,Kpop,Ain’t No Party Like an AOMG Party,,,,297,,,
EVERYTHING YOU WANTED,Jay Park,Kpop,All I Wanna Do (English Version),,,,212,,,
EVERYTHING YOU WANTED,Jay Park,Kpop,All I Wanna Do,,,,217,,,
The Clan Pt. 1 Lost,Monsta X,Kpop,All In 걸어,,,,191,,,
All Mine,f(x),Kpop,All Mine,,,,209,,,
Coloring Book,Chance The Rapper,Rap,All Night,,,,135,,,
Songify the News,schmoyoho,Pop,America Gone to Pot,,,,190,,,
And July,Heize,Kpop,And July,,,,229,,,
Coloring Book,Chance The Rapper,Rap,Angels,,,,213,,,
V,Maroon 5,Pop,Animals,,,,229,,,
EVERYTHING YOU WANTED,Jay Park,Kpop,Aquaman,,,,253,,,
Words Words Words,Bo Burnham,Comedy,Art is Dead  (Green Room),,,,197,,,
EX'ACT,EXO,Kpop,Artificial Love,,,,244,,,
Assassin's Creed OST,Lorne Balfe,Film,Assassin-s Creed III Main Theme,,,,187,,,
Billion OST,Eskmo,Film,Axe & Chuck Faceoff,,,,261,,,
Billions OST,Eskmo,Film,Axe,,,,229,,,
Bad Boy,Red Velvet,Kpop,Bad Boy,,,,221,,,
MADE,BIGBANG,Kpop,BAE BAE (Official Instrumental),,,,170,,,
MADE,BIGBANG,Kpop,BAE BAE,,,,174,,,
MADE,BIGBANG,Kpop,BANG BANG BANG Instrumental,,,,220,,,
MADE,BIGBANG,Kpop,BANG BANG BANG 뱅뱅뱅,,,,230,,,
Batman vs Superman OST,Hans Zimmer & Junkie XL,Film,Beautiful Lie,,,,229,,,
BeBe,Seo In Guk,Kpop,BeBe,,,,214,,,
BERMUDA TRIANGLE,ZICO,Kpop,BERMUDA TRIANGLE,,,,217,,,
Big Bank,YG,Kpop,Big Bank,,,,237,,,
Big Hero 6 Soundtrack,Henry Jackman,Film,Big Hero 6 ,,,,419,,,
Wings,BTS,Kpop,Blood Sweat and Tears INSTRUMENTAL,,,,217,,,
Wings,BTS,Kpop,Blood Sweat and Tears,,,,216,,,
THE MOBB,Mino,Kpop,BODY Instrumental,,,,200,,,
The MOBB,Mino,Kpop,BODY 몸,,,,199,,,
130 mood : TRBL,Dean,Kpop,Bonnie & Clyde,,,,225,,,
Square One,Blackpink,Kpop,BOOMBAYAH 붐바야,,,,244,,,
Free Vol. 4 - EP,Kdrew,EDM,Bullseye,,,,250,,,
Lil Tracey,AJ Tracey,Rap,Buster Cannon,,,,240,,,
SWAAY,DNCE,Pop,Cake By The Ocean,,,,219,,,
Make Happy,Bo Burnham,Comedy,Cant Handle This,,,,445,,,
Act. 7,4minute,Kpop,Canvas,,,,216,,,
Captain America The Winter Soldier OST,Henry Jackman,Film,Captain America,,,,582,,,
Xperience,Luhan,Pop,Catch me When I fall,,,,267,,,
Chain,NCT 127,Kpop,Chain,,,,226,,,
Chained Up,VIXX,Kpop,Chained up 사슬,,,,213,,,
El Dorado,Shakira,Pop,Chantaje,,,,200,,,
Check-In,SEVENTEEN,Kpop,Check-In,,,,179,,,
Classic Man,Jidenna,Rap,Classic Man Remix,,,,237,,,
Classic Man,Jidenna,Rap,Classic Man,,,,227,,,
Interstellar,Hans Zimmer,Film,Cornfield Chase,,,,126,,,
Native,OneRepublic,Pop,Counting Stars,,,,284,,,
Make Happy,Bo Burnham,Comedy,Country Song,,,,237,,,
COUP D'ETAT,G-Dragon,Kpop,COUP DETAT,,,,202,,,
ONE OF A KIND,G-Dragon,Kpop,CRAYON,,,,225,,,
Wings,BTS,Kpop,CYPHER PT.4,,,,295,,,
D×D×D,SHINee,Kpop,D×D×D,,,,228,,,
Bleached,Loco,Kpop,DA DA DA,,,,227,,,
Dally,HYOLYN,Kpop,Dally,,,,204,,,
Dancing King,EXO,Kpop,Dancing King,,,,250,,,
SMTM5,BewhY,Kpop,Day Day,,,,210,,,
Full Moon,EXID,Kpop,DDD,,,,207,,,
Memory,MAMAMOO,Kpop,Decalcomanie,,,,218,,,
Reloaded,Luhan,Pop,Deep 海底,,,,232,,,
Despacito,Luis Fonsi,Pop,Despacito,,,,282,,,
Daredevil Season 2 Soundtrack,John Paesano,Film,Devil of Hell's Kitchen,,,,169,,,
Devil,Super Junior,Kpop,Devil,,,,215,,,
Batman vs Superman OST,Hans Zimmer & Junkie,Film,Do You Bleed,,,,277,,,
Random Access Memories,Daft Punk,Pop,Doin it Right,,,,261,,,
Season 5,ERB,Rap,Donald Trump vs Hillary Clinton,,,,275,,,
IDENTITY,Far East Movement,Pop,Dont Speak ft. Tiffany,,,,248,,,
Magazine,Ailee,Kpop,Dont Touch Me,,,,215,,,
Doom Dada,TOP,Kpop,DOOM DADA,,,,214,,,
The Most Beautiful Moment in Life,BTS,Kpop,,,,,,,,
In My Room,Jacob Collier,Jazz,Down The Line,,,,409,,,
Dream Girl,SHINee,Kpop,Dream Girl,,,,182,,,
Press It,Taemin,Kpop,Drip Drop,,,,206,,,
EVERYTHING YOU WANTED,Jay Park,Kpop,DRIVE (Feat. GRAY),,,,219,,,
Welcome Back,iKON,Kpop,Dumb & Dumber,,,,242,,,
The Red,Red Velvet,Kpop,Dumb Dumb,,,,203,,,
2014 S/S,Winner,Kpop,Empty,,,,219,,,
La La Land,Justin Hurwitz,Film,Epilogue,,,,463,,,
,LIVE,,,,,,,,,
Everybody,SHINee,Kpop,Everybody,,,,277,,,
Punch,CHEN,Kpop,C:\Users\tnint_000\Music\,,,,,,,Everytime
Reloaded+,Luhan,Pop,Excited 封印,,,,250,,,
Rise,Taeyang,Kpop,EYES,,,,276,,,
Alive,BIGBANG,Kpop,FANTASTIC BABY,,,,240,,,
Hades,VIXX,Kpop,Fantasy,,,,209,,,
Billions OST,Eskmo,Film,FBI Raid,,,,149,,,
The MOBB,Mino,Kpop,Fear Feat. Taeyang,,,,253,,,
Good Times Ahead,GTA & What So Not,Pop,Feel It,,,,222,,,
Super Smash Bros. Brawl,Nintendo/ HAL Laboratory Inc,Film,Final Destination,,,,205,,,
The Most Beautiful Moment in Life: Young Forever,BTS,Kpop,Fire REMAKE INSTRUMENTAL,,,,203,,,
NCT 127,NCT 127,Kpop,Fire Truck,,,,198,,,
Muggles' Mansion,Code Kunst,Kpop,Fire Water,,,,245,,,
The Most Beautiful Moment in Life: Young Forever,BTS,Kpop,FIRE 불타오르네,,,,220,,,
Mashup,BTS/EXO,Kpop,Fire_Monster MASHUP V2,,,,235,,,
X-MEN:FIRST CLASS,Henry Jackman,Film,First Class,,,,201,,,
Man of Steel OST,Hans Zimmer,Film,Flight,,,,254,,,
In My Room,Jacob Collier,Jazz,Flintstones,,,,191,,,
Flight Log: Departure,GOT7,Kpop,Fly,,,,208,,,
Show Me The Money 5 Episode 3,BewhY,Kpop,Forever,,,,259,,,
Forget About Tomorrow,Jay Park,Kpop,Forget About Tomorrow,,,,188,,,
Freaky Friday,Lil Dicky,Rap,Freaky Friday,,,,217,,,
Identity,Far East Movement,Pop,Freal Luv,,,,192,,,
Free Somebody,Luna,Kpop,Free Somebody,,,,215,,,
The MOBB,MOBB,Kpop,FULL HOUSE  붐벼,,,,227,,,
THE MOBB,MOBB,Kpop,FULL HOUSE Instrumental,,,,221,,,
The MOBB,MOBB,Kpop,Full House ブンビョ (Japanese Version),,,,223,,,
Captain America The Winter Soldier OST,Henry Jackman,Film,Fury,,,,253,,,
MADE,BIGBANG,Kpop,FXXK IT,,,,232,,,
Seoulite,Lee Hi,Kpop,FXXK WIT US,,,,218,,,
Gashina,Sunmi,Kpop,Gashina,,,,182,,,
Like a V,PRISTIN V,Kpop,Get It,,,,209,,,
MADE,BIGBANG,Kpop,GIRLFRIEND,,,,230,,,
Girls Like You,Maroon 5,Pop,Girls Like You,,,,271,,,
Agust D,Agust D,Kpop,give it to me,,,,155,,,
Go Crazy,14:00,Kpop,Go Crazy,,,,239,,,
ip man 3,Kenji Kawai,Film,Going Down,,,,232,,,
Good Boy,G-Dragon/Taeyang,Kpop,GOOD BOY,,,,253,,,
GOODBYE,2NE1,Kpop,GOODBYE 2NE1,,,,243,,,
Solitary Goodbye,Taemin,Kpop,Goodbye,,,,206,,,
Gorllia,PENTAGON,Kpop,Gorilla,,,,216,,,
In My Room,Jacob Collier,Jazz,Hajanga,,,,376,,,
Flight Log: Turbulence,GOT7,Kpop,Hard Carry 하드캐리,,,,201,,,
Act. 7,4Minute,Kpop,Hate 싫어,,,,222,,,
Haunting,Remk,EDM,Haunting,,,,206,,,
,TIFFANY,Kpop,,,,,,,,
EX'ACT,EXO,Kpop,Heaven,,,,223,,,
Hello Bitches,CL,Kpop,HELLO BITCHES (INSTRUMENTAL),,,,179,,,
Hello Bitches,CL,Kpop,Hello Bitches,,,,215,,,
Her,Block B,Kpop,Her,,,,176,,,
Rush,Monsta X,Kpop,Hero,,,,232,,,
Heroes,Måns Zelmerlöw,Film,Heroes (Live),,,,197,,,
Heroes,Måns Zelmerlöw,Film,Heroes,,,,191,,,
The Fate of the Furious,Pitbull & J Balvin,Pop,Hey Ma (Spanish Version),,,,224,,,
Hey Mama,EXO-CBX,Kpop,Hey Mama!,,,,204,,,
Undefeated EP,Tauren Wells,gospel,Hills and Valleys,,,,252,,,
The MOBB,MOBB,Kpop,Hit Me 빨리 전화해,,,,182,,,
The MOBB,Bobby,Kpop,HOLUP! 꽐라,,,,216,,,
Home,Ailee,Kpop,Home,,,,237,,,
HONEY BEE,Luna Hani Solar,Kpop,HONEY BEE,,,,200,,,
Billions OST,Despot,Film,House Of Bricks,,,,235,,,
House of Cards OST,L'Orchestra Cinématique,Film,House Of Card Main Theme(L'Orchestra Cinématique),,,,197,,,
House of Cards OST,Jeff Beal,Film,House of Cards  Main Title Theme,,,,105,,,
House of Cards OST,Jeff Beal,Film,House of Cards  Season 2 Main Title Theme,,,,123,,,
House of cards OST,Jeff Beal,Film,House of Cards Soundtrack - One Bite At A Time (Season 1)-0tf9wEmzwUo,,,,151,,,
The Most Beautiful Moment in Life,BTS,Kpop,,,,,,,,
A'wesome,Hyuna,Kpop,How's this,,,,222,,,
Human,Rag-n-Bone Man,Pop,Human (Rudimental Remix),,,,212,,,
Break Up 2 Make Up,ZICO,Kpop,I Am You You Are Me,,,,217,,,
Insane Love,Sistar,Kpop,I Like That,,,,240,,,
The Most Beautiful Moment in Life,BTS,Kpop,,,,,,,,
I Wait,DAY6,Kpop,I Wait,,,,219,,,
I,Taeyeon,Kpop,I,,,,300,,,
Mad,GOT7,Kpop,If You Do,,,,217,,,
Man of Steel OST,Hans Zimmer,Kpop,If You Love These People,,,,204,,,
IM HIM,Mino,Kpop,IM HIM,,,,200,,,
The Social Network,Trent Reznor and Atticus Ross,Film,In Motion,,,,303,,,
Inferiority Complex,Park Kyung,Kpop,Inferiority Complex,,,,204,,,
Interstellar,Hans Zimmer,Film,Interstellar Main Theme,,,,249,,,
Interstellar,Hans Zimmer,Film,INTERSTELLAR Soundtrack - 13. Coward-SoP44KNu0IQ,,,,508,,,
The Social Network,Trent Reznor and Atticus Ross,Film,Intriguing Possibilities (HD) - From the Soundtrack to _The Social Network_-2vvs4__2XRI,,,,272,,,
Lucifer,SHINee,Kpop,Intro+Lucifer,,,,236,,,
JULY,Kris Wu,Kpop,JULY,,,,196,,,
K.B.B,Jessi‚ Microdot‚ Dumbfoundead‚ Lyricks,Kpop,K.B.B,,,,259,,,
Ip Man 3,Kenji Kawai,Film,Kenji Kawai - One Round,,,,234,,,
Kissing Strangers,DNCE,Pop,Kissing Strangers,,,,203,,,
KNOW NO BETTER,Major Lazer,Pop,Know No Better,,,,226,,,
Koi,Gen Hoshino,Pop,Koi,,,,295,,,
Street,EXID,Kpop,L.I.E,,,,265,,,
MADE,BIGBANG,Kpop,LAST DANCE,,,,280,,,
Lewis and Clark,Tommy Emmanuel,Film,Lewis & Clark,,,,231,,,
Game of Thrones,Ramin Djawadi,Film,Light of the Seven,,,,590,,,
Exodus,EXO,Kpop,LIGHTSABER + Drop That,,,,335,,,
Replay,Super Junior,Kpop,Lo Siento,,,,224,,,
Landlord,Giggs,Rap,Lock Doh,,,,190,,,
Random Access Memories,Daft Punk,Pop,Lose Yourself to Dance,,,,251,,,
MADE,BIGBANG,Kpop,LOSER,,,,227,,,
Exodus,EXO,Kpop,LOVE ME RIGHT,,,,211,,,
Reloaded,Luhan,Pop,LU,,,,251,,,
EX'ACT,EXO,Kpop,Lucky One (Instrumental),,,,228,,,
EX'ACT,EXO,Kpop,Lucky One,,,,240,,,
Show Me The Money 5,Machine Gun,Kpop,Machine Gun,,,,227,,,
NCT 127,NCT 127,Kpop,Mad City,,,,196,,,
Volume 1,Magic Sword,Film,Magic Sword - Battlefield-UkA6Y-Z7hvw,,,,260,,,
Welcome 2 Bastarz,Block B BASTARZ,Kpop,Make It Rain,,,,185,,,
House of Cards OST,Jeff Beal,Film,Making History,,,,335,,,
Mala Mia,Maluma,Pop,Mala Mía,,,,242,,,
Mario & Luigi: Bowsers Inside,Yoko Shimomura,Film,Mario & Luigi- Bowsers Inside Story Final Boss,,,,339,,,
Odd,SHINee,Kpop,Married To The Music,,,,218,,,
EVERYTHING YOU WANTED,Jay Park,Kpop,Me Like Yuh(English Version),,,,224,,,
EVERYTHING YOU WANTED,Jay Park,Kpop,Me Like Yuh,,,,223,,,
Reloaded,Luhan,Pop,Medals《勋章》,,,,208,,,
Poldark,Eleanor Tomlinson,Film,Medhel an Gwyns,,,,129,,,
VIXX 2016 Conception Ker,VIXX,Kpop,Milky Way,,,,208,,,
Coloring Book,Chance The Rapper,Rap,Mixtape,,,,293,,,
Batman Begins Soundtrack,Hans Zimmer,Film,Molossus,,,,290,,,
Inception,Hans Zimmer,Film,Mombasa,,,,294,,,
WORLDWIDE,Jay Park,Kpop,MOMMAE,,,,208,,,
EX'ACT,EXO,Kpop,Monster (Instrumental),,,,233,,,
LOTTO,EXO,Kpop,Monster LDN Noise Creeper Bass Remix,,,,246,,,
EX'ACT,EXO,Kpop,Monster(Chinese ver.),,,,226,,,
EX'ACT,EXO,Kpop,Monster,,,,226,,,
Mashup,EXO/ZTAO/LUHAN,Kpop,Monster_Black White_Excited MASHUP,,,,211,,,
Most Hated,Jay Park,Kpop,Most Hated,,,,204,,,
Rosecrans,Dj Quik,Rap,Move Something,,,,209,,,
Move to miami,Enrique Iglesias,Pop,MOVE TO MIAMI,,,,171,,,
Bleached,Loco,Kpop,MOVIE SHOOT,,,,272,,,
Murda,Chancellor,Kpop,MURDA,,,,204,,,
WORLDWIDE,Jay Park,Kpop,My Last,,,,235,,,
LOL,GFriend,Kpop,NAVILLERA (너 그리고 나),,,,194,,,
House of Cards OST,Jeff Beal,Film,Next in Line,,,,108,,,
Coloring Book,Chance the Rapper,Rap,No Problem,,,,285,,,
I Am Sam,SAM KIM,Kpop,No Sense,,,,221,,,
Interstellar OST,Hans Zimmer,Film,No Time For Caution,,,,241,,,
Genius OST,Lorne Balfe,Film,Nobel Prize,,,,90,,,
,,,,,,,,,,
Memoryhouse,Max Richter,Film,November,,,,385,,,
Chemistry,Trouble Maker,Kpop,Now,,,,222,,,
Oasis,Crush,Kpop,Oasis,,,,197,,,
Songify the News,schmoyoho,"Comedy",Of Murder & Catfish,,,,237,,,
Seoulite,LEE HI,Kpop,OFFICIAL,,,,210,,,
Hidden,K.A.R.D,Kpop,Oh NaNa,,,,213,,,
NCT 127,NCT 127,Kpop,Once Again,,,,189,,,
,JHMJams,Pop,ONE SHOT TWO SHOT(JHMJams),,,,293,,,
One Shot Two Shot,BoA,Kpop,ONE SHOT,,,,211,,,
Kurzgesagt,Epic Mountain,EDM,Optimistic Nihilism,,,,373,,,
Samsung,Dirty Loops,Jazz,Over the Horizon 2016,,,,254,,,
Samsung,Jacob Collier,Jazz,Over The Horizon 2017,,,,204,,,
Overdose,EXO,Kpop,Overdose (Instrumental),,,,206,,,
Overdose,EXO,Kpop,Overdose,,,,261,,,
Pacific Rim OST,Ramin Djawadi,Film,Pacific Rim Main Theme,,,,295,,,
4 Walls,f(x),Kpop,Papi,,,,187,,,
More Life,John Mayer,Pop,Passionfruit Acoustic Drake Cover,,,,161,,,
More Life,Drake,Rap,Passionfruit,,,,299,,,
Perfect Velvet,Red Velvet,Kpop,Peek-A-Boo Instrumental,,,,190,,,
Perfect Velvet,Red Velvet,Kpop,Peek-A-Boo,,,,190,,,
PICK ME,Produce 101 BOYS,Kpop,PICK ME,,,,251,,,
,Riot Games,EDM,Piercing Light Mako Remix,,,,292,,,
Square Two,Blackpink,Kpop,Playing With Fire,,,,194,,,
Luke Cage Season 1 OST,Adrian Younge & Ali Shaheed Muhammad,,Pops Is Gone,,,,169,,,
130 Mood : TRBL,Dean,Kpop,Pour Up,,,,214,,,
Press It,Taemin,Kpop,Press Your Number,,,,288,,,
Exit : E,Winner,Kpop,Pricked,,,,232,,,
1 of 1,SHINee,Kpop,Prism,,,,193,,,
Reloaded,Luhan,Kpop,Promises 诺言,,,,192,,,
Iron,Jimin,Kpop,C:\Users\tnint_000\Music\,,,,2015,,,Puss
Rain,Taeyeon,Kpop,Rain,,,,223,,,
The MOBB,Bobby,Kpop,Raise your guard and Bounce,,,,182,,,
Spring,AKMU,Kpop,Re-Bye,,,,189,,,
#Cookie Jar,Red Velvet,Kpop,Red Velvet -#Cookie Jar- MV-rRgTMs_bGuI,,,,225,,,
Remember,KATIE,Kpop,Remember,,,,188,,,
Welcome Back,IKON,Kpop,RHYTHM TA 리듬 타,,,,242,,,
Coming To You Live,DPR LIVE,Kpop,Right Here Right Now,,,,215,,,
Rise,Taeyang,Kpop,RINGA LINGA,,,,228,,,
A+,Hyuna,Kpop,Roll Deep 잘나가서 그래,,,,209,,,
The Most Beautiful Moment in Life,BTS,Kpop,,,,,,,,
Russian Roulette,Red Velvet,Kpop,Russian Roulette,,,,212,,,
The Most Beautiful Moment in Life: Young Forever,BTS,Kpop,Save Me (INSTRUMENTAL),,,,197,,,
The Most Beautiful Moment in Life: Young Forever,BTS,Kpop,SAVE ME,,,,199,,,
Solitary Goodbye,Taemin,Pop,Sayonara Hitori さよならひとり,,,,241,,,
Secret Time,Spica,Kpop,Secret Time,,,,179,,,
,Seohyun,Kpop,,,,,,,,
Exit : E,Winner,Kpop,Sentimental(센치해),,,,208,,,
Divide,Ed Sheeran,Pop,Shape Of You (Stormzy Remix),,,,232,,,
Divide,Ed Sheeran,Pop,Shape Of You,,,,1,,,
Sherlock,SHINee,Kpop,Sherlock 셜록,,,,231,,,
Five,SHINee,Pop,SHINee（シャイニー） - 「Get The Treasure」 Music Video(full ver.)-P4Qyk9IBI2s,,,,239,,,
And July,Heize,Kpop,Shut Up & Groove,,,,201,,,
Noir,B.A.P,Kpop,Skydive,,,,237,,,
The Most Beautiful Moment in Life: Young Forever,BTS,Kpop,Sliver Spoon 뱁새,,,,234,,,
Songify the News,schmoyoho,Comedy,Smoking Crayfish & Gay Marriage,,,,218,,,
Agust D,Agust D,Kpop,So Far Away,,,,359,,,
MADE,BIGBANG,Kpop,SOBER,,,,245,,,
Solo,Jay Park,Kpop,Solo,,,,220,,,
Sorry Sorry,Super Junior,Kpop,Sorry Sorry,,,,235,,,
SSENUNNI,Jessi,Kpop,SSENUNNI  쎈언니,,,,179,,,
Why,Taeyeon,Kpop,Starlight,,,,260,,,
Square Two,Blackpink,Kpop,Stay,,,,235,,,
Season 2,ERB,Rap,Steve Jobs vs Bill Gates,,,,168,,,
Bleached,Loco,Kpop,Still,,,,293,,,
The Clan Pt. 1 Lost,Monsta X,Kpop,Stuck,,,,226,,,
Sweet Dream,MFBTY,Kpop,Sweet Dream,,,,230,,,
Captain America The Winter Soldier OST,Henry Jackman,Film,Taking A Stand,,,,133,,,
Melting,MAMAMOO,Kpop,Taller than You,,,,188,,,
The Matrix Revolutions-,Juno Reactor,Film,Tetsujin,,,,201,,,
Reloaded,Luhan,Pop,That Good Good 有点儿意思,,,,204,,,
The 7th Sense,NCT U,Kpop,The 7th Sense (Instrumental),,,,221,,,
The 7th Sense,NCT U,Kpop,The 7th Sense 번째 감각,,,,219,,,
The Avengers Soundtrack,Alan Silvestri,Film,The Avengers,,,,124,,,
The Dark Knight Returns OST,Christopher Drake,Film,The Dark Knight Triumphant_ End titles - The Dark Knight Returns OST,,,,309,,,
INFINITE ONLY,INFINITE,Kpop,The Eye,,,,242,,,
The Love I Committed,Im Chang-jung,Kpop,The Love I Committed,,,,242,,,
Dunkirk OST,Hans Zimmer,Film,The Mole,,,,337,,,
Mr. NO,JUN.K,Kpop,THINK ABOUT YOU,,,,246,,,
Move,Taemin,Kpop,Thirsty,,,,232,,,
This is America,Childish Gambino,Pop,This Is America,,,,245,,,
THIS IS ME,Three People,Pop,THIS IS ME,,,,243,,,
Inception,Hans Zimmer,Film,Time,,,,290,,,
Tonight,BIGBANG,Kpop,TONIGHT,,,,240,,,
Agust D,Agust D,Kpop,Tony Montana,,,,206,,,
Songify the News,schmoyoho,Comedy,Too Many Abs,,,,216,,,
Bleached,Loco,Kpop,Too Much,,,,196,,,
Melodie,CRO,Pop,Traum,,,,219,,,
TRESPASS,Monsta X,Kpop,Trespass,,,,204,,,
Trigger,Gioni,EDM,Trigger,,,,202,,,
Songify The News,schmoyoho,Comedy,Trump vs. Comey,,,,209,,,
Make It Real,GBOYSWAG,Pop,Uh-Huh,,,,220,,,
Undefeated EP,Tauren Wells,Rap,Undefeated,,,,245,,,
Unpretty Rapstar,Jessi,Kpop,Unpretty Dreams,,,,200,,,
Seoulite,LEE HI,Kpop,Up All Night 밤샘,,,,221,,,
Ah Yeah,EXID,Kpop,UP&DOWN,,,,190,,,
Uptown Special,Mark Ronson,Pop,Uptown Funk,,,,271,,,
Very Very Very,IOI,Kpop,Very Very Very,,,,207,,,
One Love,Ricky Martin,Pop,,,,,,,,
Seoulite,LEE HI,Kpop,Video,,,,221,,,
Odd,SHINee,Kpop,View,,,,199,,,
Stories,Avicii,EDM,Waiting For Love,,,,232,,,
Loopified,Dirty Loops,Jazz,Wake Me Up,,,,212,,,
NCT 127,NCT 127,Kpop,Wake Up,,,,174,,,
19 to 20,Jimin Park,Kpop,Walkin,,,,202,,,
Foreigner,Dumbfoundead,Kpop,Water,,,,204,,,
2 Cool 4 Skool,BTS,Kpop,We Are Bulletproof,,,,233,,,
MADE,BIGBANG,Kpop,WE LIKE 2 PARTY,,,,207,,,
Yellow Dancer,Gen Hoshino,Pop,Weekend,,,,286,,,
Whatta Man,IOI,Kpop,Whatta Man,,,,236,,,
The Great Seungri,SEUNGRI,Kpop,WHERE R U FROM,,,,241,,,
Square One,Blackpink,Kpop,Whistle (휘파람),,,,220,,,
Square One,Blackpink,Kpop,WHISTLE [INSTRUMENTAL],,,,209,,,
Why,Taeyeon,Kpop,Why (Instrumental),,,,211,,,
Why So Lonely,Wonder Girls,Kpop,Why So Lonely,,,,218,,,
Why,Taeyeon,Kpop,Why,,,,248,,,
In My Room,Jacob Collier,Jazz,Woke Up Today,,,,289,,,
Wonder Woman Soundtrack,Rupert Gregson-Williams,,Wonder Woman's Wrath,,,,247,,,
,,Rap,Wordplay,,,,163,,,
Seoulite,LEE HI,Kpop,World Tour,,,,278,,,
Worlds,Riot Games,Film,Worlds Collide  Extended Orchestra Mix,,,,526,,,
Worlds,Riot Games,Film,Worlds Collide,,,,217,,,
X (Remix),Nicky Jam,Pop,X Remix,,,,236,,,
X-MEN:FIRST CLASS,Henry jackman,Film,X training,,,,260,,,
Yacht,Jay Park,Kpop,YACHT,,,,250,,,
In My Room,Jacob Collier,Jazz,You And I,,,,270,,,
WORLDWIDE,Jay Park,Kpop,You Know,,,,249,,,
TRUE,Avicii,EDM,You Make Me,,,,240,,,
Melting,MAMAMOO,Kpop,Youre the Best 넌 is 뭔들,,,,231,,,
Zero For Conduct,BLOCK B  BASTARZ,Kpop,Zero For Conduct,,,,197,,,
MADE,BIGBANG,Kpop,Zutter (INSTRUMENTAL),,,,194,,,
MADE,G-Dragon/TOP,Kpop,ZUTTER 쩔어,,,,219,,,
,,,,,,,,,,
,Qwala,,,,,,,,,
